JB0002,SMM_from_Brk_Gsb_Bam,GRCGHCNSDNYGTCTG,16
JB0003,SMM_from_consensus,GNCGNCNNNNNGTCTG,16
JB0004,SMM_as_activator,GGCGCCANNNNGTCVG,16
JB0005,SMM_as_activator_with_spacer,GGCGCCANNNNNGTCVG,17
M00009,Ttk 69K,GGTCCTGC,8
M00012,CF2-II,RTATATRTR,9
M00013,CF2-II,RTATATATA,9
M00016,E74A,NNAWNCCGGAARTNNDV,17
M00018,Ubx,NNNNNNNTAATKRNNHNNN,19
M00019,Dfd,NNNNNNATTANYNNNN,16
M00020,Ftz,VNDVYAATTAAG,12
M00021,Kr,AMYGGGTTWW,10
M00022,Hb,SMRHAAAAAN,10
M00028,HSF,MGAAD,5
M00043,dl,GGGTTTTTCCV,11
M00044,Sn,NNNANBTGHTNNNW,14
M00060,Sn,VNRACAGGTGYMN,13
M00067,Hairy,NNNVCACGCGVSNN,14
M00090,Abd-B,NNNTTDAWKRCNNN,14
M00091,BR-C Z1,WNNNNAWWRACAARWNHN,18
M00092,BR-C Z2,DNBDDWHCTAKTYNKY,16
M00093,BR-C Z3,NDNWAAACWARDNNH,15
M00094,BR-C Z4,WWWRKAAASWWAW,13
M00110,Elf-1,NNDDNBGGTDTHDHVN,16
M00111,CF1 / USP,GRGGTCANN,9
M00112,CF1 / USP,GGGGTCAYV,9
M00120,dl,HGRGAAAAHYV,11
M00140,Bcd,SRGATTAD,8
M00163,HSF,MGAADMGAADMGAAD,15
M00164,HSF,MGAADMGAADHTTCK,15
M00165,HSF,MGAADHTTCKMGAAD,15
M00166,HSF,HTTCKMGAADMGAAD,15
M00171,Adf-1,SMGCYGYYGYNGCVKV,16
M00199,AP-1,NTGASTCAB,9
M00234,Su(H),NNYGTGGGAAMCN,13
M00252,TATA,VTATAWAWRNVNNNN,15
M00259,STAT,NNNNNTTTCCSNGAAANNNHN,21
M00266,Croc,HWNRRTAAATAKNNNV,16
M00270,GCM,VNRCCCGCATNHN,13
M00283,Zeste,NNDDWTGAGTGNNNNN,16
M00362,dTCF,CCTTTGATCTT,11
M00455,dri,NNRATTARNN,10
M00461,Ovo,NNHWSWAACNGHNNN,15
M00487,mtTFA,KNMTTATCVNN,11
M00488,DREF,WVNTATCGATADNN,14
M00629,Eve,KNWSSNCHGC,10
M00666,Sry-beta,CGCATCWCT,9
M00679,Tll,AAGWYWAV,8
M00696,En,YCAATTA,7
M00710,Zen,WCATTWAM,8
M00723,GAGA factor,DSWGAGMGNRR,11
M00923,Adf-1,VSGCYGCMGYCGCTGMMNKYG,21
M00934,Zeste,NDDTTGAGTGN,11
M00951,Grainyhead/Elf-1/NTF-1,ACYGGTTT,8
M01083,Abd-A,NBNAATNNDN,10
M01084,Antp,AAWRVHMATWAN,12
M01086,BYN,ARWWDTCRCANYTHN,15
M01087,CEBP,WNWWHTKTGBVMHYWKYYDDNNN,23
M01088,DEAF1,GYBHTTCGGNNN,12
M01089,KR,NNNHCCCTTTBN,12
M01090,MAD,NMGRCRVN,8
M01092,TCF,DNNNAHYAAADNNNNN,16
M01094,Abd-B,CATAAAA,7
M01095,AP,DNNATTDK,8
M01096,BRK,NCGCCAN,7
M01097,CAD,NNBTTTDYGN,10
M01098,CF1A,BWKMATDMRYKVMWAN,16
M01099,KNI,NNNNNAAANWRRRNHNNN,18
M01101,OVO,TAACDGND,8
M01102,SD,MATYYMN,7
M01103,TWI,CATRTGTKNHKYHB,14
M01238,DEAF,NTVGGBH,7
M01706,CI,GACCACCCAMG,11
MA0010,[],NNNAWWRACAARWN,14
MA0011,[],WHCTAKTY,8
MA0012,[],WAAACWARDNN,11
MA0013,[],WWRTAAANWAW,11
MA0015,[],RTATATRTRN,10
MA0016,[],GGGGTCAHVN,10
MA0022,[],SGGGKTTTTYYV,12
MA0023,[],GGGGWWTTCC,10
MA0026,[],CCGGAAR,7
MA00445,[],BCYWTTGTTNT,11
MA0049,[],SMRHAAAAAN,10
MA0085,[],NYGTGGGAAMCNNNNN,16
MA0086,[],CAGGTG,6
MA0094,[],NTTAATTA,8
MA0126,[],WSWAACNGH,9
MA0166,[],TTAATKA,7
MA0168,[],WTAAWYG,7
MA0169,[],WTAATTG,7
MA0170,[],TTAAWKR,7
MA0171,[],TTAATDG,7
MA0172,[],TTAATTA,7
MA0173,[],TTWACAT,7
MA0174,[],TTWATKA,7
MA0175,[],YTAATWR,7
MA0177,[],HTAATKA,7
MA0178,[],YTAATTA,7
MA0179,[],YTAATTR,7
MA0180,[],KWTAATTAG,9
MA0181,[],YTAATTR,7
MA0182,[],WTWATTR,7
MA0183,[],WTBAATWA,8
MA0184,[],NTAATTA,7
MA0185,[],TTCGKN,6
MA0186,[],YTAATGA,7
MA0188,[],SCAATTA,7
MA0190,[],TAATCY,6
MA0191,[],NTAATKA,7
MA0192,[],TTAATTG,7
MA0193,[],CYACYAR,7
MA0194,[],TTAATTA,7
MA0195,[],NTAATTA,7
MA0196,[],WTAATKR,7
MA0197,[],BWTAATBW,8
MA0198,[],YTAATTR,7
MA0199,[],TGATA,5
MA0200,[],NTAATTR,7
MA0201,[],TTAATCC,7
MA0202,[],YTAATTR,7
MA0203,[],YTAATGA,7
MA0204,[],TGABAC,6
MA0205,[],YBDCTCTCBN,10
MA0207,[],TGACAG,6
MA0208,[],TAATTAA,7
MA0209,[],YTAATKA,7
MA0210,[],WWACA,5
MA0211,[],TTAAGTR,7
MA0212,[],TAATCC,6
MA0213,[],SYGGCGCY,8
MA0214,[],YTAATKR,7
MA0215,[],DTAATKA,7
MA0217,[],WAACA,5
MA0218,[],TTRAAC,6
MA0220,[],YTAATTR,7
MA0221,[],YTAATKA,7
MA0222,[],NTTTGACR,8
MA0223,[],BTAATTA,7
MA0224,[],BTAATTA,7
MA0225,[],TTAATKA,7
MA0226,[],NTAATTR,7
MA0227,[],TGACAK,6
MA0228,[],YTAATKA,7
MA0229,[],WYTAATTR,8
MA0230,[],TTAATKA,7
MA0233,[],WAACA,5
MA0234,[],TAATCC,6
MA0235,[],TTGATTD,7
MA0236,[],YTAATTA,7
MA0237,[],NTTTGRWN,8
MA0238,[],YTAATKA,7
MA0239,[],WSWAACNGH,9
MA0240,[],YTAATTA,7
MA0241,[],YTAATTA,7
MA0242,[],WAACCGCAR,9
MA0243,[],DWMATTYNDVRN,12
MA0244,[],ATTRCVMA,8
MA0246,[],TGATAC,6
MA0247,[],YTYAAGTG,8
MA0248,[],WTAATKG,7
MA0249,[],BNSCAYDTGTBN,12
MA0250,[],YTAATTR,7
MA0251,[],BTAATTR,7
MA0252,[],TGACAN,6
MA0253,[],WYTCAAGTR,9
MA0254,[],TAWKCA,6
MA0255,[],WTGAGYGNNW,10
MA0256,[],YTAATKA,7
MA0257,[],NTAATKA,7
MA0443,[],NRKGGGCGKR,10
MA0444,[],TTAATWG,7
MA0446,[],TGTTTRHNYAN,11
MA0447,[],RTTACGTAAY,10
MA0448,[],DTWATDA,7
MA0449,[],GBCRCGYGVC,10
MA0450,[],KGGGCGTGA,9
MA0451,[],AAWNTAGRKCAV,12
MA0452,[],BNAARGGGTTH,11
MA0453,[],TATGYAAATNMN,12
MA0454,[],HMCAGTAGCAV,11
MA0455,[],YTAATTR,7
MA0456,[],GMCCCCCCGCDG,12
MA0458,[],DTGTTTWYVYW,11
MA0459,[],NAAAGTCAAM,10
MA0460,[],MAGGATAAY,9
PMID10452845_SuH,SuH,RTGRGAR,7
PMID10588882_tin,tin,CACTTRA,7
PMID10637336_ovo,ovo,WSWAACNGN,9
PMID10644409_pho,pho,GCCATT,6
PMID11071761_shn_ZFP1,shn_ZFP1,GGGAWCGTTCCC,12
PMID11071761_shn_ZFP2,shn_ZFP2,GGGGAMWTCCC,11
PMID11159907_brk,brk,TGGCGYT,7
PMID11554753_TFAM,TFAM,TTATC,5
PMID11691840_bin,bin,RTAAATA,7
PMID11850413_byn,byn,RWWNTNRCACYT,12
PMID12232052_vnd,vnd,NNNTBAAGTGSNNN,14
PMID12459265_Dip3,Dip3,YCNVNYYNDNYS,12
PMID12466192_sd,sd,WRNATKTNT,9
PMID1280827_usp,usp,GGGGTCAYV,9
PMID1290524_Cf2,Cf2,RTATATRTR,9
PMID12954775_bab1,bab1,WNWWWATWWNNK,12
PMID1348871_tll,tll,AAATTAA,7
PMID14701680_ap,ap,TAATNN,6
PMID14731391_dif_Rel,dif_Rel,GGGGAWTCCCH,11
PMID14731391_dl_B,dl_B,KGGGAATHCYV,11
PMID14731391_Rel,Rel,GGGGAWBCMCN,11
PMID14731391_srp,srp,BYGATAASRN,10
PMID1582412_dl_A,dl_A,GGGTTTTTCCV,11
PMID16203991_mirr,mirr,NWWWDCWBRYSDNNN,15
PMID1673656_Ubx,Ubx,NNNNNNNTAATKRNNHNNN,19
PMID2208281_Eip74EF,Eip74EF,NNAWNCCGGAARTNNDV,17
PMID2318884_Adf1,Adf1,GCTSCYKCYGYH,12
PMID2507923_hb,hb,SMATAAAAAA,10
PMID2507923_Kr,Kr,AACGGGTTAA,10
PMID2571934_cad,cad,TTTATG,6
PMID2606344_grh,grh,YNAACYGGTYYTGCGG,16
PMID2895896_eve,eve,TCAWTTAAMT,10
PMID2895896_zen,zen,TCAWTTAAMT,10
PMID7489720_croc,croc,RTAAAA,6
PMID7671793_slbo,slbo,TTNNRCAATM,10
PMID7901121_prd_HD,prd_HD,SNTAATYGATTANN,14
PMID7914870_Abd_B,Abd_B,NNNTTDAWKRCNNN,14
PMID7958894_esg,esg,NNRCAGGTGBNN,12
PMID7958929_h,h,NNNVCACGCGVSNN,14
PMID8049221_en,en,TAATTR,6
PMID8062827_br_Z1,br_Z1,TAAWWRACAARW,12
PMID8062827_br_Z2,br_Z2,TTWWCTATTT,10
PMID8062827_br_Z4,br_Z4,RKAAASA,7
PMID8093616_Dref,Dref,TATCGATA,8
PMID8371971_sna,sna,VNRACAGGTGYMN,13
PMID8608596_Stat92E,Stat92E,NNNNNTTTCCSNGAAANNNHN,21
PMID8622680_retn,retn,NNRATTARNN,10
PMID8692913_bcd,bcd,VVNBTAATCCN,11
PMID8692913_ftz,ftz,NNRBTAATGRNHN,13
PMID8692913_oc,oc,NVNHTAATCCSNN,13
PMID8787739_prd_PD,prd_PD,DNYCGTCACGSTTSABV,17
PMID8962155_gcm,gcm,ATGCGGGY,8
PMID8978051_dsx,dsx,BNRNNACAATGTDDBNN,17
PMID9118222_pan,pan,CCTTTGATCTT,11
PMID9165123_Hr46,Hr46,GGGTCA,6
PMID9367990_pnr,pnr,ANHNNNHGATAASSDNNB,18
PMID9380747_pros,pros,CAYNNCT,7
PMID9463385_Aef1,Aef1,CAACAA,6
PMID9491376_ems,ems,AANTNTAATGACA,13
PMID9580693_EcR_usp,EcR_usp,RRGGTCAWTGACCYC,15
PMID9811867_eyg,eyg,NVDKRNTCACTGANNVNDN,19
